{"cameraMode":{"drawMode":0,"name":"Shaded","section":"Shading Mode"},"sceneLighting":true,"audioPlay":false,"sceneViewState":{"showFog":true,"showMaterialUpdate":false,"showSkybox":true,"showFlares":true,"showImageEffects":true,"showParticleSystems":true},"in2DMode":false,"pivot":{"x":18.597129821777345,"y":10.596267700195313,"z":41.35096740722656},"rotation":{"x":0.4783223569393158,"y":-0.32651323080062868,"z":0.19745594263076783,"w":0.790954053401947},"size":37.835296630859378,"orthographic":false}